id;name;geoid;geoname;value;datetime
600;Precio mercado SPOT Diario España;3;España;42.51;2021-01-01T00:00:00+01:00
600;Precio mercado SPOT Diario España;3;España;48.720417;2021-01-02T00:00:00+01:00
600;Precio mercado SPOT Diario España;3;España;46.9275;2021-01-03T00:00:00+01:00
600;Precio mercado SPOT Diario España;3;España;59.849583;2021-01-04T00:00:00+01:00
600;Precio mercado SPOT Diario España;3;España;67.545417;2021-01-05T00:00:00+01:00
600;Precio mercado SPOT Diario España;3;España;70.599167;2021-01-06T00:00:00+01:00
600;Precio mercado SPOT Diario España;3;España;88.92625;2021-01-07T00:00:00+01:00
600;Precio mercado SPOT Diario España;3;España;94.98875;2021-01-08T00:00:00+01:00
600;Precio mercado SPOT Diario España;3;España;80.66;2021-01-09T00:00:00+01:00
600;Precio mercado SPOT Diario España;3;España;66.270833;2021-01-10T00:00:00+01:00
600;Precio mercado SPOT Diario España;3;España;82.45;2021-01-11T00:00:00+01:00
600;Precio mercado SPOT Diario España;3;España;84.245;2021-01-12T00:00:00+01:00
600;Precio mercado SPOT Diario España;3;España;89.935417;2021-01-13T00:00:00+01:00
600;Precio mercado SPOT Diario España;3;España;87.252083;2021-01-14T00:00:00+01:00
600;Precio mercado SPOT Diario España;3;España;78.420417;2021-01-15T00:00:00+01:00
600;Precio mercado SPOT Diario España;3;España;67.72;2021-01-16T00:00:00+01:00
600;Precio mercado SPOT Diario España;3;España;64.51125;2021-01-17T00:00:00+01:00
600;Precio mercado SPOT Diario España;3;España;82.07625;2021-01-18T00:00:00+01:00
600;Precio mercado SPOT Diario España;3;España;76.465417;2021-01-19T00:00:00+01:00
600;Precio mercado SPOT Diario España;3;España;51.6625;2021-01-20T00:00:00+01:00
600;Precio mercado SPOT Diario España;3;España;41.63875;2021-01-21T00:00:00+01:00
600;Precio mercado SPOT Diario España;3;España;41.974583;2021-01-22T00:00:00+01:00
600;Precio mercado SPOT Diario España;3;España;27.495;2021-01-23T00:00:00+01:00
600;Precio mercado SPOT Diario España;3;España;28.725;2021-01-24T00:00:00+01:00
600;Precio mercado SPOT Diario España;3;España;59.418333;2021-01-25T00:00:00+01:00
600;Precio mercado SPOT Diario España;3;España;65.977917;2021-01-26T00:00:00+01:00
600;Precio mercado SPOT Diario España;3;España;59.774167;2021-01-27T00:00:00+01:00
600;Precio mercado SPOT Diario España;3;España;55.390417;2021-01-28T00:00:00+01:00
600;Precio mercado SPOT Diario España;3;España;47.389167;2021-01-29T00:00:00+01:00
600;Precio mercado SPOT Diario España;3;España;4.185833;2021-01-30T00:00:00+01:00
600;Precio mercado SPOT Diario España;3;España;1.419583;2021-01-31T00:00:00+01:00
600;Precio mercado SPOT Diario España;3;España;11.8975;2021-02-01T00:00:00+01:00
600;Precio mercado SPOT Diario España;3;España;26.3375;2021-02-02T00:00:00+01:00
600;Precio mercado SPOT Diario España;3;España;36.2625;2021-02-03T00:00:00+01:00
600;Precio mercado SPOT Diario España;3;España;52.197083;2021-02-04T00:00:00+01:00
600;Precio mercado SPOT Diario España;3;España;50.99125;2021-02-05T00:00:00+01:00
600;Precio mercado SPOT Diario España;3;España;36.015833;2021-02-06T00:00:00+01:00
600;Precio mercado SPOT Diario España;3;España;12.580833;2021-02-07T00:00:00+01:00
600;Precio mercado SPOT Diario España;3;España;8.296667;2021-02-08T00:00:00+01:00
600;Precio mercado SPOT Diario España;3;España;7.104167;2021-02-09T00:00:00+01:00
600;Precio mercado SPOT Diario España;3;España;26.259583;2021-02-10T00:00:00+01:00
600;Precio mercado SPOT Diario España;3;España;48.004583;2021-02-11T00:00:00+01:00
600;Precio mercado SPOT Diario España;3;España;36.935833;2021-02-12T00:00:00+01:00
600;Precio mercado SPOT Diario España;3;España;36.900417;2021-02-13T00:00:00+01:00
600;Precio mercado SPOT Diario España;3;España;13.37875;2021-02-14T00:00:00+01:00
600;Precio mercado SPOT Diario España;3;España;14.85125;2021-02-15T00:00:00+01:00
600;Precio mercado SPOT Diario España;3;España;23.982083;2021-02-16T00:00:00+01:00
600;Precio mercado SPOT Diario España;3;España;41.930417;2021-02-17T00:00:00+01:00
600;Precio mercado SPOT Diario España;3;España;36.177917;2021-02-18T00:00:00+01:00
600;Precio mercado SPOT Diario España;3;España;22.269167;2021-02-19T00:00:00+01:00
600;Precio mercado SPOT Diario España;3;España;2.185417;2021-02-20T00:00:00+01:00
600;Precio mercado SPOT Diario España;3;España;5.674583;2021-02-21T00:00:00+01:00
600;Precio mercado SPOT Diario España;3;España;39.390833;2021-02-22T00:00:00+01:00
600;Precio mercado SPOT Diario España;3;España;43.6475;2021-02-23T00:00:00+01:00
600;Precio mercado SPOT Diario España;3;España;24.8225;2021-02-24T00:00:00+01:00
600;Precio mercado SPOT Diario España;3;España;45.832917;2021-02-25T00:00:00+01:00
600;Precio mercado SPOT Diario España;3;España;46.092917;2021-02-26T00:00:00+01:00
600;Precio mercado SPOT Diario España;3;España;29.24375;2021-02-27T00:00:00+01:00
600;Precio mercado SPOT Diario España;3;España;18.533333;2021-02-28T00:00:00+01:00
600;Precio mercado SPOT Diario España;3;España;42.242083;2021-03-01T00:00:00+01:00
600;Precio mercado SPOT Diario España;3;España;52.66625;2021-03-02T00:00:00+01:00
600;Precio mercado SPOT Diario España;3;España;53.24375;2021-03-03T00:00:00+01:00
600;Precio mercado SPOT Diario España;3;España;55.425833;2021-03-04T00:00:00+01:00
600;Precio mercado SPOT Diario España;3;España;52.45375;2021-03-05T00:00:00+01:00
600;Precio mercado SPOT Diario España;3;España;45.073333;2021-03-06T00:00:00+01:00
600;Precio mercado SPOT Diario España;3;España;47.053333;2021-03-07T00:00:00+01:00
600;Precio mercado SPOT Diario España;3;España;54.425;2021-03-08T00:00:00+01:00
600;Precio mercado SPOT Diario España;3;España;56.879167;2021-03-09T00:00:00+01:00
600;Precio mercado SPOT Diario España;3;España;55.8675;2021-03-10T00:00:00+01:00
600;Precio mercado SPOT Diario España;3;España;40.759583;2021-03-11T00:00:00+01:00
600;Precio mercado SPOT Diario España;3;España;40.1625;2021-03-12T00:00:00+01:00
600;Precio mercado SPOT Diario España;3;España;27.752917;2021-03-13T00:00:00+01:00
600;Precio mercado SPOT Diario España;3;España;24.544583;2021-03-14T00:00:00+01:00
600;Precio mercado SPOT Diario España;3;España;47.585;2021-03-15T00:00:00+01:00
600;Precio mercado SPOT Diario España;3;España;34.514583;2021-03-16T00:00:00+01:00
600;Precio mercado SPOT Diario España;3;España;17.349583;2021-03-17T00:00:00+01:00
600;Precio mercado SPOT Diario España;3;España;32.772083;2021-03-18T00:00:00+01:00
600;Precio mercado SPOT Diario España;3;España;29.66125;2021-03-19T00:00:00+01:00
600;Precio mercado SPOT Diario España;3;España;22.18875;2021-03-20T00:00:00+01:00
600;Precio mercado SPOT Diario España;3;España;30.275;2021-03-21T00:00:00+01:00
600;Precio mercado SPOT Diario España;3;España;55.794167;2021-03-22T00:00:00+01:00
600;Precio mercado SPOT Diario España;3;España;64.47125;2021-03-23T00:00:00+01:00
600;Precio mercado SPOT Diario España;3;España;64.815417;2021-03-24T00:00:00+01:00
600;Precio mercado SPOT Diario España;3;España;66.35375;2021-03-25T00:00:00+01:00
600;Precio mercado SPOT Diario España;3;España;60.310417;2021-03-26T00:00:00+01:00
600;Precio mercado SPOT Diario España;3;España;41.105833;2021-03-27T00:00:00+01:00
600;Precio mercado SPOT Diario España;3;España;38.601304;2021-03-28T00:00:00+01:00
600;Precio mercado SPOT Diario España;3;España;45.691667;2021-03-29T00:00:00+02:00
600;Precio mercado SPOT Diario España;3;España;53.532917;2021-03-30T00:00:00+02:00
600;Precio mercado SPOT Diario España;3;España;55.15875;2021-03-31T00:00:00+02:00
600;Precio mercado SPOT Diario España;3;España;52.117917;2021-04-01T00:00:00+02:00
600;Precio mercado SPOT Diario España;3;España;51.004167;2021-04-02T00:00:00+02:00
600;Precio mercado SPOT Diario España;3;España;35.175;2021-04-03T00:00:00+02:00
600;Precio mercado SPOT Diario España;3;España;27.735;2021-04-04T00:00:00+02:00
600;Precio mercado SPOT Diario España;3;España;44.552083;2021-04-05T00:00:00+02:00
600;Precio mercado SPOT Diario España;3;España;55.97;2021-04-06T00:00:00+02:00
600;Precio mercado SPOT Diario España;3;España;66.111667;2021-04-07T00:00:00+02:00
600;Precio mercado SPOT Diario España;3;España;69.775417;2021-04-08T00:00:00+02:00
600;Precio mercado SPOT Diario España;3;España;71.8675;2021-04-09T00:00:00+02:00
600;Precio mercado SPOT Diario España;3;España;65.005417;2021-04-10T00:00:00+02:00
600;Precio mercado SPOT Diario España;3;España;52.012917;2021-04-11T00:00:00+02:00
600;Precio mercado SPOT Diario España;3;España;63.035417;2021-04-12T00:00:00+02:00
600;Precio mercado SPOT Diario España;3;España;75.4975;2021-04-13T00:00:00+02:00
600;Precio mercado SPOT Diario España;3;España;73.956667;2021-04-14T00:00:00+02:00
600;Precio mercado SPOT Diario España;3;España;68.185;2021-04-15T00:00:00+02:00
600;Precio mercado SPOT Diario España;3;España;68.9275;2021-04-16T00:00:00+02:00
600;Precio mercado SPOT Diario España;3;España;64.188333;2021-04-17T00:00:00+02:00
600;Precio mercado SPOT Diario España;3;España;64.539167;2021-04-18T00:00:00+02:00
600;Precio mercado SPOT Diario España;3;España;79.025;2021-04-19T00:00:00+02:00
600;Precio mercado SPOT Diario España;3;España;78.57625;2021-04-20T00:00:00+02:00
600;Precio mercado SPOT Diario España;3;España;79.59625;2021-04-21T00:00:00+02:00
600;Precio mercado SPOT Diario España;3;España;74.414167;2021-04-22T00:00:00+02:00
600;Precio mercado SPOT Diario España;3;España;68.555417;2021-04-23T00:00:00+02:00
600;Precio mercado SPOT Diario España;3;España;57.311667;2021-04-24T00:00:00+02:00
600;Precio mercado SPOT Diario España;3;España;61.088333;2021-04-25T00:00:00+02:00
600;Precio mercado SPOT Diario España;3;España;75.988333;2021-04-26T00:00:00+02:00
600;Precio mercado SPOT Diario España;3;España;77.953333;2021-04-27T00:00:00+02:00
600;Precio mercado SPOT Diario España;3;España;74.404167;2021-04-28T00:00:00+02:00
600;Precio mercado SPOT Diario España;3;España;74.668333;2021-04-29T00:00:00+02:00
600;Precio mercado SPOT Diario España;3;España;79.285833;2021-04-30T00:00:00+02:00
600;Precio mercado SPOT Diario España;3;España;59.361667;2021-05-01T00:00:00+02:00
600;Precio mercado SPOT Diario España;3;España;61.391667;2021-05-02T00:00:00+02:00
600;Precio mercado SPOT Diario España;3;España;73.540417;2021-05-03T00:00:00+02:00
600;Precio mercado SPOT Diario España;3;España;81.27;2021-05-04T00:00:00+02:00
600;Precio mercado SPOT Diario España;3;España;75.714583;2021-05-05T00:00:00+02:00
600;Precio mercado SPOT Diario España;3;España;73.108333;2021-05-06T00:00:00+02:00
600;Precio mercado SPOT Diario España;3;España;73.499167;2021-05-07T00:00:00+02:00
600;Precio mercado SPOT Diario España;3;España;47.252083;2021-05-08T00:00:00+02:00
600;Precio mercado SPOT Diario España;3;España;10.5275;2021-05-09T00:00:00+02:00
600;Precio mercado SPOT Diario España;3;España;59.264583;2021-05-10T00:00:00+02:00
600;Precio mercado SPOT Diario España;3;España;54.050417;2021-05-11T00:00:00+02:00
600;Precio mercado SPOT Diario España;3;España;53.043333;2021-05-12T00:00:00+02:00
600;Precio mercado SPOT Diario España;3;España;59.79625;2021-05-13T00:00:00+02:00
600;Precio mercado SPOT Diario España;3;España;71.529583;2021-05-14T00:00:00+02:00
600;Precio mercado SPOT Diario España;3;España;43.15625;2021-05-15T00:00:00+02:00
600;Precio mercado SPOT Diario España;3;España;26.649583;2021-05-16T00:00:00+02:00
600;Precio mercado SPOT Diario España;3;España;76.819583;2021-05-17T00:00:00+02:00
600;Precio mercado SPOT Diario España;3;España;77.65;2021-05-18T00:00:00+02:00
600;Precio mercado SPOT Diario España;3;España;77.110417;2021-05-19T00:00:00+02:00
600;Precio mercado SPOT Diario España;3;España;79.792083;2021-05-20T00:00:00+02:00
600;Precio mercado SPOT Diario España;3;España;69.540833;2021-05-21T00:00:00+02:00
600;Precio mercado SPOT Diario España;3;España;66.407083;2021-05-22T00:00:00+02:00
600;Precio mercado SPOT Diario España;3;España;68.667917;2021-05-23T00:00:00+02:00
600;Precio mercado SPOT Diario España;3;España;67.404167;2021-05-24T00:00:00+02:00
600;Precio mercado SPOT Diario España;3;España;76.64375;2021-05-25T00:00:00+02:00
600;Precio mercado SPOT Diario España;3;España;80.719583;2021-05-26T00:00:00+02:00
600;Precio mercado SPOT Diario España;3;España;86.22875;2021-05-27T00:00:00+02:00
600;Precio mercado SPOT Diario España;3;España;88.952083;2021-05-28T00:00:00+02:00
600;Precio mercado SPOT Diario España;3;España;81.767083;2021-05-29T00:00:00+02:00
600;Precio mercado SPOT Diario España;3;España;71.929167;2021-05-30T00:00:00+02:00
600;Precio mercado SPOT Diario España;3;España;88.084167;2021-05-31T00:00:00+02:00
600;Precio mercado SPOT Diario España;3;España;86.564583;2021-06-01T00:00:00+02:00
600;Precio mercado SPOT Diario España;3;España;84.845417;2021-06-02T00:00:00+02:00
600;Precio mercado SPOT Diario España;3;España;79.802083;2021-06-03T00:00:00+02:00
600;Precio mercado SPOT Diario España;3;España;80.58625;2021-06-04T00:00:00+02:00
600;Precio mercado SPOT Diario España;3;España;76.167917;2021-06-05T00:00:00+02:00
600;Precio mercado SPOT Diario España;3;España;68.868333;2021-06-06T00:00:00+02:00
600;Precio mercado SPOT Diario España;3;España;79.690833;2021-06-07T00:00:00+02:00
600;Precio mercado SPOT Diario España;3;España;82.334167;2021-06-08T00:00:00+02:00
600;Precio mercado SPOT Diario España;3;España;81.601667;2021-06-09T00:00:00+02:00
600;Precio mercado SPOT Diario España;3;España;83.33625;2021-06-10T00:00:00+02:00
600;Precio mercado SPOT Diario España;3;España;82.534583;2021-06-11T00:00:00+02:00
600;Precio mercado SPOT Diario España;3;España;77.598333;2021-06-12T00:00:00+02:00
600;Precio mercado SPOT Diario España;3;España;79.195833;2021-06-13T00:00:00+02:00
600;Precio mercado SPOT Diario España;3;España;88.474167;2021-06-14T00:00:00+02:00
600;Precio mercado SPOT Diario España;3;España;90.950833;2021-06-15T00:00:00+02:00
600;Precio mercado SPOT Diario España;3;España;94.632917;2021-06-16T00:00:00+02:00
600;Precio mercado SPOT Diario España;3;España;92.996667;2021-06-17T00:00:00+02:00
600;Precio mercado SPOT Diario España;3;España;92.674167;2021-06-18T00:00:00+02:00
600;Precio mercado SPOT Diario España;3;España;87.224167;2021-06-19T00:00:00+02:00
600;Precio mercado SPOT Diario España;3;España;52.634583;2021-06-20T00:00:00+02:00
600;Precio mercado SPOT Diario España;3;España;82.551667;2021-06-21T00:00:00+02:00
600;Precio mercado SPOT Diario España;3;España;89.525;2021-06-22T00:00:00+02:00
600;Precio mercado SPOT Diario España;3;España;89.88375;2021-06-23T00:00:00+02:00
600;Precio mercado SPOT Diario España;3;España;85.734583;2021-06-24T00:00:00+02:00
600;Precio mercado SPOT Diario España;3;España;86.569583;2021-06-25T00:00:00+02:00
600;Precio mercado SPOT Diario España;3;España;83.992083;2021-06-26T00:00:00+02:00
600;Precio mercado SPOT Diario España;3;España;64.211667;2021-06-27T00:00:00+02:00
600;Precio mercado SPOT Diario España;3;España;86.435;2021-06-28T00:00:00+02:00
600;Precio mercado SPOT Diario España;3;España;93.49125;2021-06-29T00:00:00+02:00
600;Precio mercado SPOT Diario España;3;España;93.886667;2021-06-30T00:00:00+02:00
600;Precio mercado SPOT Diario España;3;España;92.440833;2021-07-01T00:00:00+02:00
600;Precio mercado SPOT Diario España;3;España;99.797917;2021-07-02T00:00:00+02:00
600;Precio mercado SPOT Diario España;3;España;94.2275;2021-07-03T00:00:00+02:00
600;Precio mercado SPOT Diario España;3;España;79.426667;2021-07-04T00:00:00+02:00
600;Precio mercado SPOT Diario España;3;España;93.850417;2021-07-05T00:00:00+02:00
600;Precio mercado SPOT Diario España;3;España;93.57125;2021-07-06T00:00:00+02:00
600;Precio mercado SPOT Diario España;3;España;98.72375;2021-07-07T00:00:00+02:00
600;Precio mercado SPOT Diario España;3;España;93.674583;2021-07-08T00:00:00+02:00
600;Precio mercado SPOT Diario España;3;España;93.4975;2021-07-09T00:00:00+02:00
600;Precio mercado SPOT Diario España;3;España;90.478333;2021-07-10T00:00:00+02:00
600;Precio mercado SPOT Diario España;3;España;90.76625;2021-07-11T00:00:00+02:00
600;Precio mercado SPOT Diario España;3;España;86.675;2021-07-12T00:00:00+02:00
600;Precio mercado SPOT Diario España;3;España;94.39;2021-07-13T00:00:00+02:00
600;Precio mercado SPOT Diario España;3;España;84.45875;2021-07-14T00:00:00+02:00
600;Precio mercado SPOT Diario España;3;España;87.18375;2021-07-15T00:00:00+02:00
600;Precio mercado SPOT Diario España;3;España;87.317083;2021-07-16T00:00:00+02:00
600;Precio mercado SPOT Diario España;3;España;90.952083;2021-07-17T00:00:00+02:00
600;Precio mercado SPOT Diario España;3;España;74.19375;2021-07-18T00:00:00+02:00
600;Precio mercado SPOT Diario España;3;España;98.802917;2021-07-19T00:00:00+02:00
600;Precio mercado SPOT Diario España;3;España;101.8225;2021-07-20T00:00:00+02:00
600;Precio mercado SPOT Diario España;3;España;106.573333;2021-07-21T00:00:00+02:00
600;Precio mercado SPOT Diario España;3;España;101.516667;2021-07-22T00:00:00+02:00
600;Precio mercado SPOT Diario España;3;España;95.887083;2021-07-23T00:00:00+02:00
600;Precio mercado SPOT Diario España;3;España;92.01875;2021-07-24T00:00:00+02:00
600;Precio mercado SPOT Diario España;3;España;93.202083;2021-07-25T00:00:00+02:00
600;Precio mercado SPOT Diario España;3;España;99.523333;2021-07-26T00:00:00+02:00
600;Precio mercado SPOT Diario España;3;España;99.046667;2021-07-27T00:00:00+02:00
600;Precio mercado SPOT Diario España;3;España;95.574167;2021-07-28T00:00:00+02:00
600;Precio mercado SPOT Diario España;3;España;98.831667;2021-07-29T00:00:00+02:00
600;Precio mercado SPOT Diario España;3;España;95.36625;2021-07-30T00:00:00+02:00
600;Precio mercado SPOT Diario España;3;España;61.08625;2021-07-31T00:00:00+02:00
600;Precio mercado SPOT Diario España;3;España;76.886667;2021-08-01T00:00:00+02:00
600;Precio mercado SPOT Diario España;3;España;103.074583;2021-08-02T00:00:00+02:00
600;Precio mercado SPOT Diario España;3;España;106.266667;2021-08-03T00:00:00+02:00
600;Precio mercado SPOT Diario España;3;España;105.239167;2021-08-04T00:00:00+02:00
600;Precio mercado SPOT Diario España;3;España;101.604583;2021-08-05T00:00:00+02:00
600;Precio mercado SPOT Diario España;3;España;97.215833;2021-08-06T00:00:00+02:00
600;Precio mercado SPOT Diario España;3;España;65.635417;2021-08-07T00:00:00+02:00
600;Precio mercado SPOT Diario España;3;España;85.292083;2021-08-08T00:00:00+02:00
600;Precio mercado SPOT Diario España;3;España;106.742083;2021-08-09T00:00:00+02:00
600;Precio mercado SPOT Diario España;3;España;111.875833;2021-08-10T00:00:00+02:00
600;Precio mercado SPOT Diario España;3;España;113.994167;2021-08-11T00:00:00+02:00
600;Precio mercado SPOT Diario España;3;España;115.826667;2021-08-12T00:00:00+02:00
600;Precio mercado SPOT Diario España;3;España;117.291667;2021-08-13T00:00:00+02:00
600;Precio mercado SPOT Diario España;3;España;114.633333;2021-08-14T00:00:00+02:00
600;Precio mercado SPOT Diario España;3;España;110.022917;2021-08-15T00:00:00+02:00
600;Precio mercado SPOT Diario España;3;España;88.924583;2021-08-16T00:00:00+02:00
600;Precio mercado SPOT Diario España;3;España;89.499583;2021-08-17T00:00:00+02:00
600;Precio mercado SPOT Diario España;3;España;105.40375;2021-08-18T00:00:00+02:00
600;Precio mercado SPOT Diario España;3;España;113.404167;2021-08-19T00:00:00+02:00
600;Precio mercado SPOT Diario España;3;España;117.139167;2021-08-20T00:00:00+02:00
600;Precio mercado SPOT Diario España;3;España;110.140417;2021-08-21T00:00:00+02:00
600;Precio mercado SPOT Diario España;3;España;100.509167;2021-08-22T00:00:00+02:00
600;Precio mercado SPOT Diario España;3;España;99.755;2021-08-23T00:00:00+02:00
600;Precio mercado SPOT Diario España;3;España;102.063333;2021-08-24T00:00:00+02:00
600;Precio mercado SPOT Diario España;3;España;116.73375;2021-08-25T00:00:00+02:00
600;Precio mercado SPOT Diario España;3;España;122.756667;2021-08-26T00:00:00+02:00
600;Precio mercado SPOT Diario España;3;España;118.994167;2021-08-27T00:00:00+02:00
600;Precio mercado SPOT Diario España;3;España;110.22;2021-08-28T00:00:00+02:00
600;Precio mercado SPOT Diario España;3;España;102.034167;2021-08-29T00:00:00+02:00
600;Precio mercado SPOT Diario España;3;España;124.45125;2021-08-30T00:00:00+02:00
600;Precio mercado SPOT Diario España;3;España;130.530417;2021-08-31T00:00:00+02:00
600;Precio mercado SPOT Diario España;3;España;132.465;2021-09-01T00:00:00+02:00
600;Precio mercado SPOT Diario España;3;España;140.227083;2021-09-02T00:00:00+02:00
600;Precio mercado SPOT Diario España;3;España;137.7;2021-09-03T00:00:00+02:00
600;Precio mercado SPOT Diario España;3;España;134.894583;2021-09-04T00:00:00+02:00
600;Precio mercado SPOT Diario España;3;España;128.69625;2021-09-05T00:00:00+02:00
600;Precio mercado SPOT Diario España;3;España;132.645;2021-09-06T00:00:00+02:00
600;Precio mercado SPOT Diario España;3;España;127.355833;2021-09-07T00:00:00+02:00
600;Precio mercado SPOT Diario España;3;España;135.654167;2021-09-08T00:00:00+02:00
600;Precio mercado SPOT Diario España;3;España;141.7125;2021-09-09T00:00:00+02:00
600;Precio mercado SPOT Diario España;3;España;152.319583;2021-09-10T00:00:00+02:00
600;Precio mercado SPOT Diario España;3;España;150.779167;2021-09-11T00:00:00+02:00
600;Precio mercado SPOT Diario España;3;España;144.177917;2021-09-12T00:00:00+02:00
600;Precio mercado SPOT Diario España;3;España;154.156667;2021-09-13T00:00:00+02:00
600;Precio mercado SPOT Diario España;3;España;153.43;2021-09-14T00:00:00+02:00
600;Precio mercado SPOT Diario España;3;España;172.783333;2021-09-15T00:00:00+02:00
600;Precio mercado SPOT Diario España;3;España;188.176667;2021-09-16T00:00:00+02:00
600;Precio mercado SPOT Diario España;3;España;166.29;2021-09-17T00:00:00+02:00
600;Precio mercado SPOT Diario España;3;España;159.368333;2021-09-18T00:00:00+02:00
600;Precio mercado SPOT Diario España;3;España;146.574167;2021-09-19T00:00:00+02:00
600;Precio mercado SPOT Diario España;3;España;156.747917;2021-09-20T00:00:00+02:00
600;Precio mercado SPOT Diario España;3;España;150.256667;2021-09-21T00:00:00+02:00
600;Precio mercado SPOT Diario España;3;España;175.872083;2021-09-22T00:00:00+02:00
600;Precio mercado SPOT Diario España;3;España;165.19;2021-09-23T00:00:00+02:00
600;Precio mercado SPOT Diario España;3;España;172.96625;2021-09-24T00:00:00+02:00
600;Precio mercado SPOT Diario España;3;España;166.359167;2021-09-25T00:00:00+02:00
600;Precio mercado SPOT Diario España;3;España;160.415833;2021-09-26T00:00:00+02:00
600;Precio mercado SPOT Diario España;3;España;174.683333;2021-09-27T00:00:00+02:00
600;Precio mercado SPOT Diario España;3;España;182.7125;2021-09-28T00:00:00+02:00
600;Precio mercado SPOT Diario España;3;España;189.898333;2021-09-29T00:00:00+02:00
600;Precio mercado SPOT Diario España;3;España;189.825833;2021-09-30T00:00:00+02:00
600;Precio mercado SPOT Diario España;3;España;216.008333;2021-10-01T00:00:00+02:00
600;Precio mercado SPOT Diario España;3;España;173.649167;2021-10-02T00:00:00+02:00
600;Precio mercado SPOT Diario España;3;España;111.60125;2021-10-03T00:00:00+02:00
600;Precio mercado SPOT Diario España;3;España;186.4575;2021-10-04T00:00:00+02:00
600;Precio mercado SPOT Diario España;3;España;203.682083;2021-10-05T00:00:00+02:00
600;Precio mercado SPOT Diario España;3;España;228.5925;2021-10-06T00:00:00+02:00
600;Precio mercado SPOT Diario España;3;España;288.525417;2021-10-07T00:00:00+02:00
600;Precio mercado SPOT Diario España;3;España;229.20375;2021-10-08T00:00:00+02:00
600;Precio mercado SPOT Diario España;3;España;226.21;2021-10-09T00:00:00+02:00
600;Precio mercado SPOT Diario España;3;España;175.640417;2021-10-10T00:00:00+02:00
600;Precio mercado SPOT Diario España;3;España;184.479167;2021-10-11T00:00:00+02:00
600;Precio mercado SPOT Diario España;3;España;184.294167;2021-10-12T00:00:00+02:00
600;Precio mercado SPOT Diario España;3;España;185.735833;2021-10-13T00:00:00+02:00
600;Precio mercado SPOT Diario España;3;España;215.63;2021-10-14T00:00:00+02:00
600;Precio mercado SPOT Diario España;3;España;231.817083;2021-10-15T00:00:00+02:00
600;Precio mercado SPOT Diario España;3;España;226.929167;2021-10-16T00:00:00+02:00
600;Precio mercado SPOT Diario España;3;España;209.625417;2021-10-17T00:00:00+02:00
600;Precio mercado SPOT Diario España;3;España;227.450417;2021-10-18T00:00:00+02:00
600;Precio mercado SPOT Diario España;3;España;207.139167;2021-10-19T00:00:00+02:00
600;Precio mercado SPOT Diario España;3;España;201.399583;2021-10-20T00:00:00+02:00
600;Precio mercado SPOT Diario España;3;España;207.924583;2021-10-21T00:00:00+02:00
600;Precio mercado SPOT Diario España;3;España;203.544583;2021-10-22T00:00:00+02:00
600;Precio mercado SPOT Diario España;3;España;211.2125;2021-10-23T00:00:00+02:00
600;Precio mercado SPOT Diario España;3;España;213.289167;2021-10-24T00:00:00+02:00
600;Precio mercado SPOT Diario España;3;España;225.3625;2021-10-25T00:00:00+02:00
600;Precio mercado SPOT Diario España;3;España;215.83375;2021-10-26T00:00:00+02:00
600;Precio mercado SPOT Diario España;3;España;226.152917;2021-10-27T00:00:00+02:00
600;Precio mercado SPOT Diario España;3;España;205.045;2021-10-28T00:00:00+02:00
600;Precio mercado SPOT Diario España;3;España;175.827083;2021-10-29T00:00:00+02:00
600;Precio mercado SPOT Diario España;3;España;124.52625;2021-10-30T00:00:00+02:00
600;Precio mercado SPOT Diario España;3;España;78.9956;2021-10-31T00:00:00+02:00
600;Precio mercado SPOT Diario España;3;España;91.19625;2021-11-01T00:00:00+01:00
600;Precio mercado SPOT Diario España;3;España;145.948333;2021-11-02T00:00:00+01:00
600;Precio mercado SPOT Diario España;3;España;154.293333;2021-11-03T00:00:00+01:00
600;Precio mercado SPOT Diario España;3;España;171.9125;2021-11-04T00:00:00+01:00
600;Precio mercado SPOT Diario España;3;España;171.449583;2021-11-05T00:00:00+01:00
600;Precio mercado SPOT Diario España;3;España;157.429167;2021-11-06T00:00:00+01:00
600;Precio mercado SPOT Diario España;3;España;131.497917;2021-11-07T00:00:00+01:00
600;Precio mercado SPOT Diario España;3;España;167.6725;2021-11-08T00:00:00+01:00
600;Precio mercado SPOT Diario España;3;España;178.452083;2021-11-09T00:00:00+01:00
600;Precio mercado SPOT Diario España;3;España;199.28;2021-11-10T00:00:00+01:00
600;Precio mercado SPOT Diario España;3;España;183.205833;2021-11-11T00:00:00+01:00
600;Precio mercado SPOT Diario España;3;España;185.01875;2021-11-12T00:00:00+01:00
600;Precio mercado SPOT Diario España;3;España;180.475;2021-11-13T00:00:00+01:00
600;Precio mercado SPOT Diario España;3;España;172.472083;2021-11-14T00:00:00+01:00
600;Precio mercado SPOT Diario España;3;España;180.572917;2021-11-15T00:00:00+01:00
600;Precio mercado SPOT Diario España;3;España;194.225833;2021-11-16T00:00:00+01:00
600;Precio mercado SPOT Diario España;3;España;194.84125;2021-11-17T00:00:00+01:00
600;Precio mercado SPOT Diario España;3;España;226.9425;2021-11-18T00:00:00+01:00
600;Precio mercado SPOT Diario España;3;España;228.842083;2021-11-19T00:00:00+01:00
600;Precio mercado SPOT Diario España;3;España;218.460833;2021-11-20T00:00:00+01:00
600;Precio mercado SPOT Diario España;3;España;229.61625;2021-11-21T00:00:00+01:00
600;Precio mercado SPOT Diario España;3;España;236.507083;2021-11-22T00:00:00+01:00
600;Precio mercado SPOT Diario España;3;España;225.575;2021-11-23T00:00:00+01:00
600;Precio mercado SPOT Diario España;3;España;225.70375;2021-11-24T00:00:00+01:00
600;Precio mercado SPOT Diario España;3;España;228.417083;2021-11-25T00:00:00+01:00
600;Precio mercado SPOT Diario España;3;España;227.593333;2021-11-26T00:00:00+01:00
600;Precio mercado SPOT Diario España;3;España;204.352917;2021-11-27T00:00:00+01:00
600;Precio mercado SPOT Diario España;3;España;201.415417;2021-11-28T00:00:00+01:00
600;Precio mercado SPOT Diario España;3;España;214.997083;2021-11-29T00:00:00+01:00
600;Precio mercado SPOT Diario España;3;España;274.557083;2021-11-30T00:00:00+01:00
600;Precio mercado SPOT Diario España;3;España;247.209583;2021-12-01T00:00:00+01:00
600;Precio mercado SPOT Diario España;3;España;220.660417;2021-12-02T00:00:00+01:00
600;Precio mercado SPOT Diario España;3;España;226.147083;2021-12-03T00:00:00+01:00
600;Precio mercado SPOT Diario España;3;España;220.897917;2021-12-04T00:00:00+01:00
600;Precio mercado SPOT Diario España;3;España;101.9725;2021-12-05T00:00:00+01:00
600;Precio mercado SPOT Diario España;3;España;209.782917;2021-12-06T00:00:00+01:00
600;Precio mercado SPOT Diario España;3;España;211.805833;2021-12-07T00:00:00+01:00
600;Precio mercado SPOT Diario España;3;España;108.726667;2021-12-08T00:00:00+01:00
600;Precio mercado SPOT Diario España;3;España;216.737083;2021-12-09T00:00:00+01:00
600;Precio mercado SPOT Diario España;3;España;208.407083;2021-12-10T00:00:00+01:00
600;Precio mercado SPOT Diario España;3;España;239.5325;2021-12-11T00:00:00+01:00
600;Precio mercado SPOT Diario España;3;España;256.975833;2021-12-12T00:00:00+01:00
600;Precio mercado SPOT Diario España;3;España;268.2075;2021-12-13T00:00:00+01:00
600;Precio mercado SPOT Diario España;3;España;287.77625;2021-12-14T00:00:00+01:00
600;Precio mercado SPOT Diario España;3;España;291.7275;2021-12-15T00:00:00+01:00
600;Precio mercado SPOT Diario España;3;España;302.484583;2021-12-16T00:00:00+01:00
600;Precio mercado SPOT Diario España;3;España;309.19625;2021-12-17T00:00:00+01:00
600;Precio mercado SPOT Diario España;3;España;306.329583;2021-12-18T00:00:00+01:00
600;Precio mercado SPOT Diario España;3;España;319.628333;2021-12-19T00:00:00+01:00
600;Precio mercado SPOT Diario España;3;España;339.839167;2021-12-20T00:00:00+01:00
600;Precio mercado SPOT Diario España;3;España;327.379583;2021-12-21T00:00:00+01:00
600;Precio mercado SPOT Diario España;3;España;360.024167;2021-12-22T00:00:00+01:00
600;Precio mercado SPOT Diario España;3;España;383.6725;2021-12-23T00:00:00+01:00
600;Precio mercado SPOT Diario España;3;España;311.016667;2021-12-24T00:00:00+01:00
600;Precio mercado SPOT Diario España;3;España;226.41625;2021-12-25T00:00:00+01:00
600;Precio mercado SPOT Diario España;3;España;188.52625;2021-12-26T00:00:00+01:00
600;Precio mercado SPOT Diario España;3;España;96.078333;2021-12-27T00:00:00+01:00
600;Precio mercado SPOT Diario España;3;España;104.364167;2021-12-28T00:00:00+01:00
600;Precio mercado SPOT Diario España;3;España;181.088333;2021-12-29T00:00:00+01:00
600;Precio mercado SPOT Diario España;3;España;200.681667;2021-12-30T00:00:00+01:00
600;Precio mercado SPOT Diario España;3;España;140.82125;2021-12-31T00:00:00+01:00
600;Precio mercado SPOT Diario España;3;España;122.629167;2022-01-01T00:00:00+01:00
600;Precio mercado SPOT Diario España;3;España;136.968333;2022-01-02T00:00:00+01:00
600;Precio mercado SPOT Diario España;3;España;150.498333;2022-01-03T00:00:00+01:00
600;Precio mercado SPOT Diario España;3;España;152.145417;2022-01-04T00:00:00+01:00
600;Precio mercado SPOT Diario España;3;España;180.2;2022-01-05T00:00:00+01:00
600;Precio mercado SPOT Diario España;3;España;212.979167;2022-01-06T00:00:00+01:00
600;Precio mercado SPOT Diario España;3;España;215.855833;2022-01-07T00:00:00+01:00
600;Precio mercado SPOT Diario España;3;España;203.44625;2022-01-08T00:00:00+01:00
600;Precio mercado SPOT Diario España;3;España;119.24375;2022-01-09T00:00:00+01:00
600;Precio mercado SPOT Diario España;3;España;217.264583;2022-01-10T00:00:00+01:00
600;Precio mercado SPOT Diario España;3;España;223.163333;2022-01-11T00:00:00+01:00
600;Precio mercado SPOT Diario España;3;España;206.068333;2022-01-12T00:00:00+01:00
600;Precio mercado SPOT Diario España;3;España;215.105;2022-01-13T00:00:00+01:00
600;Precio mercado SPOT Diario España;3;España;202.947083;2022-01-14T00:00:00+01:00
600;Precio mercado SPOT Diario España;3;España;218.818333;2022-01-15T00:00:00+01:00
600;Precio mercado SPOT Diario España;3;España;213.09625;2022-01-16T00:00:00+01:00
600;Precio mercado SPOT Diario España;3;España;244.669583;2022-01-17T00:00:00+01:00
600;Precio mercado SPOT Diario España;3;España;222.73;2022-01-18T00:00:00+01:00
600;Precio mercado SPOT Diario España;3;España;213.160833;2022-01-19T00:00:00+01:00
600;Precio mercado SPOT Diario España;3;España;190.639167;2022-01-20T00:00:00+01:00
600;Precio mercado SPOT Diario España;3;España;179.089583;2022-01-21T00:00:00+01:00
600;Precio mercado SPOT Diario España;3;España;190.414583;2022-01-22T00:00:00+01:00
600;Precio mercado SPOT Diario España;3;España;201.34;2022-01-23T00:00:00+01:00
600;Precio mercado SPOT Diario España;3;España;226.99875;2022-01-24T00:00:00+01:00
600;Precio mercado SPOT Diario España;3;España;224.236667;2022-01-25T00:00:00+01:00
600;Precio mercado SPOT Diario España;3;España;236.77125;2022-01-26T00:00:00+01:00
600;Precio mercado SPOT Diario España;3;España;232.502083;2022-01-27T00:00:00+01:00
600;Precio mercado SPOT Diario España;3;España;224.587917;2022-01-28T00:00:00+01:00
600;Precio mercado SPOT Diario España;3;España;223.355;2022-01-29T00:00:00+01:00
600;Precio mercado SPOT Diario España;3;España;230.504583;2022-01-30T00:00:00+01:00
600;Precio mercado SPOT Diario España;3;España;221.817083;2022-01-31T00:00:00+01:00
600;Precio mercado SPOT Diario España;3;España;206.54125;2022-02-01T00:00:00+01:00
600;Precio mercado SPOT Diario España;3;España;210.17625;2022-02-02T00:00:00+01:00
600;Precio mercado SPOT Diario España;3;España;207.89;2022-02-03T00:00:00+01:00
600;Precio mercado SPOT Diario España;3;España;197.02625;2022-02-04T00:00:00+01:00
600;Precio mercado SPOT Diario España;3;España;198.3725;2022-02-05T00:00:00+01:00
600;Precio mercado SPOT Diario España;3;España;190.4675;2022-02-06T00:00:00+01:00
600;Precio mercado SPOT Diario España;3;España;206.462083;2022-02-07T00:00:00+01:00
600;Precio mercado SPOT Diario España;3;España;203.698333;2022-02-08T00:00:00+01:00
600;Precio mercado SPOT Diario España;3;España;210.524583;2022-02-09T00:00:00+01:00
600;Precio mercado SPOT Diario España;3;España;205.7025;2022-02-10T00:00:00+01:00
600;Precio mercado SPOT Diario España;3;España;196.492917;2022-02-11T00:00:00+01:00
600;Precio mercado SPOT Diario España;3;España;198.938333;2022-02-12T00:00:00+01:00
600;Precio mercado SPOT Diario España;3;España;164.044167;2022-02-13T00:00:00+01:00
600;Precio mercado SPOT Diario España;3;España;183.32375;2022-02-14T00:00:00+01:00
600;Precio mercado SPOT Diario España;3;España;199.944583;2022-02-15T00:00:00+01:00
600;Precio mercado SPOT Diario España;3;España;178.09125;2022-02-16T00:00:00+01:00
600;Precio mercado SPOT Diario España;3;España;163.409167;2022-02-17T00:00:00+01:00
600;Precio mercado SPOT Diario España;3;España;184.25625;2022-02-18T00:00:00+01:00
600;Precio mercado SPOT Diario España;3;España;137.757917;2022-02-19T00:00:00+01:00
600;Precio mercado SPOT Diario España;3;España;162.642083;2022-02-20T00:00:00+01:00
600;Precio mercado SPOT Diario España;3;España;183.317917;2022-02-21T00:00:00+01:00
600;Precio mercado SPOT Diario España;3;España;179.739167;2022-02-22T00:00:00+01:00
600;Precio mercado SPOT Diario España;3;España;195.862083;2022-02-23T00:00:00+01:00
600;Precio mercado SPOT Diario España;3;España;205.6025;2022-02-24T00:00:00+01:00
600;Precio mercado SPOT Diario España;3;España;240.13125;2022-02-25T00:00:00+01:00
600;Precio mercado SPOT Diario España;3;España;261.112083;2022-02-26T00:00:00+01:00
600;Precio mercado SPOT Diario España;3;España;256.8375;2022-02-27T00:00:00+01:00
600;Precio mercado SPOT Diario España;3;España;277.775;2022-02-28T00:00:00+01:00
600;Precio mercado SPOT Diario España;3;España;258.65875;2022-03-01T00:00:00+01:00
600;Precio mercado SPOT Diario España;3;España;254.030417;2022-03-02T00:00:00+01:00
600;Precio mercado SPOT Diario España;3;España;341.522917;2022-03-03T00:00:00+01:00
600;Precio mercado SPOT Diario España;3;España;340.695417;2022-03-04T00:00:00+01:00
600;Precio mercado SPOT Diario España;3;España;366.549583;2022-03-05T00:00:00+01:00
600;Precio mercado SPOT Diario España;3;España;379.03125;2022-03-06T00:00:00+01:00
600;Precio mercado SPOT Diario España;3;España;442.5375;2022-03-07T00:00:00+01:00
600;Precio mercado SPOT Diario España;3;España;544.98375;2022-03-08T00:00:00+01:00
600;Precio mercado SPOT Diario España;3;España;472.970417;2022-03-09T00:00:00+01:00
600;Precio mercado SPOT Diario España;3;España;369.7475;2022-03-10T00:00:00+01:00
600;Precio mercado SPOT Diario España;3;España;284.57875;2022-03-11T00:00:00+01:00
600;Precio mercado SPOT Diario España;3;España;246.05125;2022-03-12T00:00:00+01:00
600;Precio mercado SPOT Diario España;3;España;247.889583;2022-03-13T00:00:00+01:00
600;Precio mercado SPOT Diario España;3;España;251.704167;2022-03-14T00:00:00+01:00
600;Precio mercado SPOT Diario España;3;España;249.66375;2022-03-15T00:00:00+01:00
600;Precio mercado SPOT Diario España;3;España;263.647083;2022-03-16T00:00:00+01:00
600;Precio mercado SPOT Diario España;3;España;217.125417;2022-03-17T00:00:00+01:00
600;Precio mercado SPOT Diario España;3;España;232.282083;2022-03-18T00:00:00+01:00
600;Precio mercado SPOT Diario España;3;España;221.91125;2022-03-19T00:00:00+01:00
600;Precio mercado SPOT Diario España;3;España;207.1125;2022-03-20T00:00:00+01:00
600;Precio mercado SPOT Diario España;3;España;229.71125;2022-03-21T00:00:00+01:00
600;Precio mercado SPOT Diario España;3;España;226.1425;2022-03-22T00:00:00+01:00
600;Precio mercado SPOT Diario España;3;España;212.436667;2022-03-23T00:00:00+01:00
600;Precio mercado SPOT Diario España;3;España;225.7125;2022-03-24T00:00:00+01:00
600;Precio mercado SPOT Diario España;3;España;263.85125;2022-03-25T00:00:00+01:00
600;Precio mercado SPOT Diario España;3;España;237.445417;2022-03-26T00:00:00+01:00
600;Precio mercado SPOT Diario España;3;España;219.422609;2022-03-27T00:00:00+01:00
600;Precio mercado SPOT Diario España;3;España;231.71875;2022-03-28T00:00:00+02:00
600;Precio mercado SPOT Diario España;3;España;248.097083;2022-03-29T00:00:00+02:00
600;Precio mercado SPOT Diario España;3;España;255.81;2022-03-30T00:00:00+02:00
600;Precio mercado SPOT Diario España;3;España;239.369167;2022-03-31T00:00:00+02:00
600;Precio mercado SPOT Diario España;3;España;224.754583;2022-04-01T00:00:00+02:00
600;Precio mercado SPOT Diario España;3;España;225.08375;2022-04-02T00:00:00+02:00
600;Precio mercado SPOT Diario España;3;España;228.295833;2022-04-03T00:00:00+02:00
600;Precio mercado SPOT Diario España;3;España;251.8675;2022-04-04T00:00:00+02:00
600;Precio mercado SPOT Diario España;3;España;265.01625;2022-04-05T00:00:00+02:00
600;Precio mercado SPOT Diario España;3;España;254.994583;2022-04-06T00:00:00+02:00
600;Precio mercado SPOT Diario España;3;España;214.792917;2022-04-07T00:00:00+02:00
600;Precio mercado SPOT Diario España;3;España;154.69625;2022-04-08T00:00:00+02:00
600;Precio mercado SPOT Diario España;3;España;241.58625;2022-04-09T00:00:00+02:00
600;Precio mercado SPOT Diario España;3;España;159.33125;2022-04-10T00:00:00+02:00
600;Precio mercado SPOT Diario España;3;España;163.1275;2022-04-11T00:00:00+02:00
600;Precio mercado SPOT Diario España;3;España;237.299583;2022-04-12T00:00:00+02:00
600;Precio mercado SPOT Diario España;3;España;229.435;2022-04-13T00:00:00+02:00
600;Precio mercado SPOT Diario España;3;España;220.76125;2022-04-14T00:00:00+02:00
600;Precio mercado SPOT Diario España;3;España;198.472917;2022-04-15T00:00:00+02:00
600;Precio mercado SPOT Diario España;3;España;153.85;2022-04-16T00:00:00+02:00
600;Precio mercado SPOT Diario España;3;España;111.350833;2022-04-17T00:00:00+02:00
600;Precio mercado SPOT Diario España;3;España;103.243333;2022-04-18T00:00:00+02:00
600;Precio mercado SPOT Diario España;3;España;112.121667;2022-04-19T00:00:00+02:00
600;Precio mercado SPOT Diario España;3;España;85.189167;2022-04-20T00:00:00+02:00
600;Precio mercado SPOT Diario España;3;España;161.7175;2022-04-21T00:00:00+02:00
600;Precio mercado SPOT Diario España;3;España;207.76875;2022-04-22T00:00:00+02:00
600;Precio mercado SPOT Diario España;3;España;86.24875;2022-04-23T00:00:00+02:00
600;Precio mercado SPOT Diario España;3;España;146.946667;2022-04-24T00:00:00+02:00
600;Precio mercado SPOT Diario España;3;España;226.565833;2022-04-25T00:00:00+02:00
600;Precio mercado SPOT Diario España;3;España;233.78;2022-04-26T00:00:00+02:00
600;Precio mercado SPOT Diario España;3;España;220.94625;2022-04-27T00:00:00+02:00
600;Precio mercado SPOT Diario España;3;España;224.965;2022-04-28T00:00:00+02:00
600;Precio mercado SPOT Diario España;3;España;214.838333;2022-04-29T00:00:00+02:00
600;Precio mercado SPOT Diario España;3;España;186.449167;2022-04-30T00:00:00+02:00
600;Precio mercado SPOT Diario España;3;España;177.858333;2022-05-01T00:00:00+02:00
600;Precio mercado SPOT Diario España;3;España;191.80625;2022-05-02T00:00:00+02:00
600;Precio mercado SPOT Diario España;3;España;191.47125;2022-05-03T00:00:00+02:00
600;Precio mercado SPOT Diario España;3;España;202.149167;2022-05-04T00:00:00+02:00
600;Precio mercado SPOT Diario España;3;España;190.7725;2022-05-05T00:00:00+02:00
600;Precio mercado SPOT Diario España;3;España;197.632083;2022-05-06T00:00:00+02:00
600;Precio mercado SPOT Diario España;3;España;184.86375;2022-05-07T00:00:00+02:00
600;Precio mercado SPOT Diario España;3;España;172.392083;2022-05-08T00:00:00+02:00
600;Precio mercado SPOT Diario España;3;España;208.736667;2022-05-09T00:00:00+02:00
600;Precio mercado SPOT Diario España;3;España;208.70625;2022-05-10T00:00:00+02:00
600;Precio mercado SPOT Diario España;3;España;186.839167;2022-05-11T00:00:00+02:00
600;Precio mercado SPOT Diario España;3;España;187.26625;2022-05-12T00:00:00+02:00
600;Precio mercado SPOT Diario España;3;España;202.990417;2022-05-13T00:00:00+02:00
600;Precio mercado SPOT Diario España;3;España;191.5525;2022-05-14T00:00:00+02:00
600;Precio mercado SPOT Diario España;3;España;127.228333;2022-05-15T00:00:00+02:00
600;Precio mercado SPOT Diario España;3;España;195.234583;2022-05-16T00:00:00+02:00
600;Precio mercado SPOT Diario España;3;España;199.357083;2022-05-17T00:00:00+02:00
600;Precio mercado SPOT Diario España;3;España;194.861667;2022-05-18T00:00:00+02:00
600;Precio mercado SPOT Diario España;3;España;191.075417;2022-05-19T00:00:00+02:00
600;Precio mercado SPOT Diario España;3;España;203.73625;2022-05-20T00:00:00+02:00
600;Precio mercado SPOT Diario España;3;España;178.7075;2022-05-21T00:00:00+02:00
600;Precio mercado SPOT Diario España;3;España;170.56125;2022-05-22T00:00:00+02:00
600;Precio mercado SPOT Diario España;3;España;194.16125;2022-05-23T00:00:00+02:00
600;Precio mercado SPOT Diario España;3;España;180.010833;2022-05-24T00:00:00+02:00
600;Precio mercado SPOT Diario España;3;España;184.573333;2022-05-25T00:00:00+02:00
600;Precio mercado SPOT Diario España;3;España;173.288333;2022-05-26T00:00:00+02:00
600;Precio mercado SPOT Diario España;3;España;168.539167;2022-05-27T00:00:00+02:00
600;Precio mercado SPOT Diario España;3;España;162.251667;2022-05-28T00:00:00+02:00
600;Precio mercado SPOT Diario España;3;España;161.8425;2022-05-29T00:00:00+02:00
600;Precio mercado SPOT Diario España;3;España;206.61875;2022-05-30T00:00:00+02:00
600;Precio mercado SPOT Diario España;3;España;213.821667;2022-05-31T00:00:00+02:00
600;Precio mercado SPOT Diario España;3;España;210.453333;2022-06-01T00:00:00+02:00
600;Precio mercado SPOT Diario España;3;España;214.737917;2022-06-02T00:00:00+02:00
600;Precio mercado SPOT Diario España;3;España;214.504167;2022-06-03T00:00:00+02:00
600;Precio mercado SPOT Diario España;3;España;203.86125;2022-06-04T00:00:00+02:00
600;Precio mercado SPOT Diario España;3;España;193.654167;2022-06-05T00:00:00+02:00
600;Precio mercado SPOT Diario España;3;España;194.941667;2022-06-06T00:00:00+02:00
600;Precio mercado SPOT Diario España;3;España;193.320417;2022-06-07T00:00:00+02:00
600;Precio mercado SPOT Diario España;3;España;185.448333;2022-06-08T00:00:00+02:00
600;Precio mercado SPOT Diario España;3;España;182.669583;2022-06-09T00:00:00+02:00
600;Precio mercado SPOT Diario España;3;España;194.350833;2022-06-10T00:00:00+02:00
600;Precio mercado SPOT Diario España;3;España;190.498333;2022-06-11T00:00:00+02:00
600;Precio mercado SPOT Diario España;3;España;167.060417;2022-06-12T00:00:00+02:00
600;Precio mercado SPOT Diario España;3;España;200.6175;2022-06-13T00:00:00+02:00
600;Precio mercado SPOT Diario España;3;España;214.045417;2022-06-14T00:00:00+02:00
600;Precio mercado SPOT Diario España;3;España;165.589583;2022-06-15T00:00:00+02:00
600;Precio mercado SPOT Diario España;3;España;170.812917;2022-06-16T00:00:00+02:00
600;Precio mercado SPOT Diario España;3;España;177.903333;2022-06-17T00:00:00+02:00
600;Precio mercado SPOT Diario España;3;España;146.535833;2022-06-18T00:00:00+02:00
600;Precio mercado SPOT Diario España;3;España;122.611667;2022-06-19T00:00:00+02:00
600;Precio mercado SPOT Diario España;3;España;157.480417;2022-06-20T00:00:00+02:00
600;Precio mercado SPOT Diario España;3;España;148.027917;2022-06-21T00:00:00+02:00
600;Precio mercado SPOT Diario España;3;España;152.75;2022-06-22T00:00:00+02:00
600;Precio mercado SPOT Diario España;3;España;149.855417;2022-06-23T00:00:00+02:00
600;Precio mercado SPOT Diario España;3;España;137.587917;2022-06-24T00:00:00+02:00
600;Precio mercado SPOT Diario España;3;España;128.703333;2022-06-25T00:00:00+02:00
600;Precio mercado SPOT Diario España;3;España;117.9425;2022-06-26T00:00:00+02:00
600;Precio mercado SPOT Diario España;3;España;143.27;2022-06-27T00:00:00+02:00
600;Precio mercado SPOT Diario España;3;España;144.664167;2022-06-28T00:00:00+02:00
600;Precio mercado SPOT Diario España;3;España;132.74;2022-06-29T00:00:00+02:00
600;Precio mercado SPOT Diario España;3;España;132.1325;2022-06-30T00:00:00+02:00
600;Precio mercado SPOT Diario España;3;España;145.220833;2022-07-01T00:00:00+02:00
600;Precio mercado SPOT Diario España;3;España;142.42375;2022-07-02T00:00:00+02:00
600;Precio mercado SPOT Diario España;3;España;133.495;2022-07-03T00:00:00+02:00
600;Precio mercado SPOT Diario España;3;España;159.923333;2022-07-04T00:00:00+02:00
600;Precio mercado SPOT Diario España;3;España;139.164167;2022-07-05T00:00:00+02:00
600;Precio mercado SPOT Diario España;3;España;145.299167;2022-07-06T00:00:00+02:00
600;Precio mercado SPOT Diario España;3;España;124.202917;2022-07-07T00:00:00+02:00
600;Precio mercado SPOT Diario España;3;España;146.732083;2022-07-08T00:00:00+02:00
600;Precio mercado SPOT Diario España;3;España;148.620833;2022-07-09T00:00:00+02:00
600;Precio mercado SPOT Diario España;3;España;138.620833;2022-07-10T00:00:00+02:00
600;Precio mercado SPOT Diario España;3;España;157.538333;2022-07-11T00:00:00+02:00
600;Precio mercado SPOT Diario España;3;España;155.705;2022-07-12T00:00:00+02:00
600;Precio mercado SPOT Diario España;3;España;159.45;2022-07-13T00:00:00+02:00
600;Precio mercado SPOT Diario España;3;España;162.2225;2022-07-14T00:00:00+02:00
600;Precio mercado SPOT Diario España;3;España;147.251667;2022-07-15T00:00:00+02:00
600;Precio mercado SPOT Diario España;3;España;136.832917;2022-07-16T00:00:00+02:00
600;Precio mercado SPOT Diario España;3;España;102.445;2022-07-17T00:00:00+02:00
600;Precio mercado SPOT Diario España;3;España;115.767917;2022-07-18T00:00:00+02:00
600;Precio mercado SPOT Diario España;3;España;142.35375;2022-07-19T00:00:00+02:00
600;Precio mercado SPOT Diario España;3;España;147.5375;2022-07-20T00:00:00+02:00
600;Precio mercado SPOT Diario España;3;España;138.84375;2022-07-21T00:00:00+02:00
600;Precio mercado SPOT Diario España;3;España;133.4525;2022-07-22T00:00:00+02:00
600;Precio mercado SPOT Diario España;3;España;155.989583;2022-07-23T00:00:00+02:00
600;Precio mercado SPOT Diario España;3;España;136.98625;2022-07-24T00:00:00+02:00
600;Precio mercado SPOT Diario España;3;España;158.02;2022-07-25T00:00:00+02:00
600;Precio mercado SPOT Diario España;3;España;145.6475;2022-07-26T00:00:00+02:00
600;Precio mercado SPOT Diario España;3;España;148.252917;2022-07-27T00:00:00+02:00
600;Precio mercado SPOT Diario España;3;España;169.86;2022-07-28T00:00:00+02:00
600;Precio mercado SPOT Diario España;3;España;141.50625;2022-07-29T00:00:00+02:00
600;Precio mercado SPOT Diario España;3;España;129.977917;2022-07-30T00:00:00+02:00
600;Precio mercado SPOT Diario España;3;España;113.091667;2022-07-31T00:00:00+02:00
600;Precio mercado SPOT Diario España;3;España;147.434583;2022-08-01T00:00:00+02:00
600;Precio mercado SPOT Diario España;3;España;151.294167;2022-08-02T00:00:00+02:00
600;Precio mercado SPOT Diario España;3;España;147.85;2022-08-03T00:00:00+02:00
600;Precio mercado SPOT Diario España;3;España;147.23375;2022-08-04T00:00:00+02:00
600;Precio mercado SPOT Diario España;3;España;135.24125;2022-08-05T00:00:00+02:00
600;Precio mercado SPOT Diario España;3;España;135.534167;2022-08-06T00:00:00+02:00
600;Precio mercado SPOT Diario España;3;España;123.975417;2022-08-07T00:00:00+02:00
600;Precio mercado SPOT Diario España;3;España;146.307917;2022-08-08T00:00:00+02:00
600;Precio mercado SPOT Diario España;3;España;143.9875;2022-08-09T00:00:00+02:00
600;Precio mercado SPOT Diario España;3;España;144.777917;2022-08-10T00:00:00+02:00
600;Precio mercado SPOT Diario España;3;España;150.127083;2022-08-11T00:00:00+02:00
600;Precio mercado SPOT Diario España;3;España;158.2475;2022-08-12T00:00:00+02:00
600;Precio mercado SPOT Diario España;3;España;152.32375;2022-08-13T00:00:00+02:00
600;Precio mercado SPOT Diario España;3;España;149.181667;2022-08-14T00:00:00+02:00
600;Precio mercado SPOT Diario España;3;España;145.35125;2022-08-15T00:00:00+02:00
600;Precio mercado SPOT Diario España;3;España;143.204583;2022-08-16T00:00:00+02:00
600;Precio mercado SPOT Diario España;3;España;139.296667;2022-08-17T00:00:00+02:00
600;Precio mercado SPOT Diario España;3;España;134.67375;2022-08-18T00:00:00+02:00
600;Precio mercado SPOT Diario España;3;España;135.35;2022-08-19T00:00:00+02:00
600;Precio mercado SPOT Diario España;3;España;169.114167;2022-08-20T00:00:00+02:00
600;Precio mercado SPOT Diario España;3;España;141.099167;2022-08-21T00:00:00+02:00
600;Precio mercado SPOT Diario España;3;España;176.576667;2022-08-22T00:00:00+02:00
600;Precio mercado SPOT Diario España;3;España;182.93;2022-08-23T00:00:00+02:00
600;Precio mercado SPOT Diario España;3;España;186.952083;2022-08-24T00:00:00+02:00
600;Precio mercado SPOT Diario España;3;España;161.87875;2022-08-25T00:00:00+02:00
600;Precio mercado SPOT Diario España;3;España;175.32625;2022-08-26T00:00:00+02:00
600;Precio mercado SPOT Diario España;3;España;160.03875;2022-08-27T00:00:00+02:00
600;Precio mercado SPOT Diario España;3;España;138.74375;2022-08-28T00:00:00+02:00
600;Precio mercado SPOT Diario España;3;España;188.42125;2022-08-29T00:00:00+02:00
600;Precio mercado SPOT Diario España;3;España;201.962917;2022-08-30T00:00:00+02:00
600;Precio mercado SPOT Diario España;3;España;187.295833;2022-08-31T00:00:00+02:00
600;Precio mercado SPOT Diario España;3;España;193.36125;2022-09-01T00:00:00+02:00
600;Precio mercado SPOT Diario España;3;España;152.135833;2022-09-02T00:00:00+02:00
600;Precio mercado SPOT Diario España;3;España;119.22375;2022-09-03T00:00:00+02:00
600;Precio mercado SPOT Diario España;3;España;146.616667;2022-09-04T00:00:00+02:00
600;Precio mercado SPOT Diario España;3;España;188.531667;2022-09-05T00:00:00+02:00
600;Precio mercado SPOT Diario España;3;España;169.567917;2022-09-06T00:00:00+02:00
600;Precio mercado SPOT Diario España;3;España;106.562917;2022-09-07T00:00:00+02:00
600;Precio mercado SPOT Diario España;3;España;155.93625;2022-09-08T00:00:00+02:00
600;Precio mercado SPOT Diario España;3;España;159.725;2022-09-09T00:00:00+02:00
600;Precio mercado SPOT Diario España;3;España;176.052917;2022-09-10T00:00:00+02:00
600;Precio mercado SPOT Diario España;3;España;161.42125;2022-09-11T00:00:00+02:00
600;Precio mercado SPOT Diario España;3;España;175.63125;2022-09-12T00:00:00+02:00
600;Precio mercado SPOT Diario España;3;España;128.7525;2022-09-13T00:00:00+02:00
600;Precio mercado SPOT Diario España;3;España;133.613333;2022-09-14T00:00:00+02:00
600;Precio mercado SPOT Diario España;3;España;176.46125;2022-09-15T00:00:00+02:00
600;Precio mercado SPOT Diario España;3;España;171.46375;2022-09-16T00:00:00+02:00
600;Precio mercado SPOT Diario España;3;España;61.682917;2022-09-17T00:00:00+02:00
600;Precio mercado SPOT Diario España;3;España;131.607917;2022-09-18T00:00:00+02:00
600;Precio mercado SPOT Diario España;3;España;193.030833;2022-09-19T00:00:00+02:00
600;Precio mercado SPOT Diario España;3;España;149.47125;2022-09-20T00:00:00+02:00
600;Precio mercado SPOT Diario España;3;España;137.402917;2022-09-21T00:00:00+02:00
600;Precio mercado SPOT Diario España;3;España;175.419167;2022-09-22T00:00:00+02:00
600;Precio mercado SPOT Diario España;3;España;127.906667;2022-09-23T00:00:00+02:00
600;Precio mercado SPOT Diario España;3;España;106.742917;2022-09-24T00:00:00+02:00
600;Precio mercado SPOT Diario España;3;España;71.96625;2022-09-25T00:00:00+02:00
600;Precio mercado SPOT Diario España;3;España;119.766667;2022-09-26T00:00:00+02:00
600;Precio mercado SPOT Diario España;3;España;100.15875;2022-09-27T00:00:00+02:00
600;Precio mercado SPOT Diario España;3;España;108.800833;2022-09-28T00:00:00+02:00
600;Precio mercado SPOT Diario España;3;España;114.68625;2022-09-29T00:00:00+02:00
600;Precio mercado SPOT Diario España;3;España;118.389583;2022-09-30T00:00:00+02:00
600;Precio mercado SPOT Diario España;3;España;116.085;2022-10-01T00:00:00+02:00
600;Precio mercado SPOT Diario España;3;España;145.004583;2022-10-02T00:00:00+02:00
600;Precio mercado SPOT Diario España;3;España;200.380417;2022-10-03T00:00:00+02:00
600;Precio mercado SPOT Diario España;3;España;190.525417;2022-10-04T00:00:00+02:00
600;Precio mercado SPOT Diario España;3;España;167.96125;2022-10-05T00:00:00+02:00
600;Precio mercado SPOT Diario España;3;España;113.105833;2022-10-06T00:00:00+02:00
600;Precio mercado SPOT Diario España;3;España;154.370417;2022-10-07T00:00:00+02:00
600;Precio mercado SPOT Diario España;3;España;119.30625;2022-10-08T00:00:00+02:00
600;Precio mercado SPOT Diario España;3;España;114.23125;2022-10-09T00:00:00+02:00
600;Precio mercado SPOT Diario España;3;España;163.916667;2022-10-10T00:00:00+02:00
600;Precio mercado SPOT Diario España;3;España;170.77;2022-10-11T00:00:00+02:00
600;Precio mercado SPOT Diario España;3;España;133.957083;2022-10-12T00:00:00+02:00
600;Precio mercado SPOT Diario España;3;España;145.72;2022-10-13T00:00:00+02:00
600;Precio mercado SPOT Diario España;3;España;134.326667;2022-10-14T00:00:00+02:00
600;Precio mercado SPOT Diario España;3;España;115.7275;2022-10-15T00:00:00+02:00
600;Precio mercado SPOT Diario España;3;España;103.965833;2022-10-16T00:00:00+02:00
600;Precio mercado SPOT Diario España;3;España;140.229167;2022-10-17T00:00:00+02:00
600;Precio mercado SPOT Diario España;3;España;107.462917;2022-10-18T00:00:00+02:00
600;Precio mercado SPOT Diario España;3;España;81.712083;2022-10-19T00:00:00+02:00
600;Precio mercado SPOT Diario España;3;España;86.655417;2022-10-20T00:00:00+02:00
600;Precio mercado SPOT Diario España;3;España;107.803333;2022-10-21T00:00:00+02:00
600;Precio mercado SPOT Diario España;3;España;105.905;2022-10-22T00:00:00+02:00
600;Precio mercado SPOT Diario España;3;España;72.835833;2022-10-23T00:00:00+02:00
600;Precio mercado SPOT Diario España;3;España;109.784583;2022-10-24T00:00:00+02:00
600;Precio mercado SPOT Diario España;3;España;106.658333;2022-10-25T00:00:00+02:00
600;Precio mercado SPOT Diario España;3;España;108.620417;2022-10-26T00:00:00+02:00
600;Precio mercado SPOT Diario España;3;España;114.461667;2022-10-27T00:00:00+02:00
600;Precio mercado SPOT Diario España;3;España;110.959167;2022-10-28T00:00:00+02:00
600;Precio mercado SPOT Diario España;3;España;101.3925;2022-10-29T00:00:00+02:00
600;Precio mercado SPOT Diario España;3;España;135.6244;2022-10-30T00:00:00+02:00
600;Precio mercado SPOT Diario España;3;España;164.072917;2022-10-31T00:00:00+01:00
600;Precio mercado SPOT Diario España;3;España;110.320417;2022-11-01T00:00:00+01:00
600;Precio mercado SPOT Diario España;3;España;125.983333;2022-11-02T00:00:00+01:00
600;Precio mercado SPOT Diario España;3;España;121.89375;2022-11-03T00:00:00+01:00
600;Precio mercado SPOT Diario España;3;España;150.442083;2022-11-04T00:00:00+01:00
600;Precio mercado SPOT Diario España;3;España;124.792083;2022-11-05T00:00:00+01:00
600;Precio mercado SPOT Diario España;3;España;113.48125;2022-11-06T00:00:00+01:00
600;Precio mercado SPOT Diario España;3;España;120.91;2022-11-07T00:00:00+01:00
600;Precio mercado SPOT Diario España;3;España;113.395;2022-11-08T00:00:00+01:00
600;Precio mercado SPOT Diario España;3;España;132.515417;2022-11-09T00:00:00+01:00
600;Precio mercado SPOT Diario España;3;España;134.783333;2022-11-10T00:00:00+01:00
600;Precio mercado SPOT Diario España;3;España;121.184167;2022-11-11T00:00:00+01:00
600;Precio mercado SPOT Diario España;3;España;106.221667;2022-11-12T00:00:00+01:00
600;Precio mercado SPOT Diario España;3;España;131.688333;2022-11-13T00:00:00+01:00
600;Precio mercado SPOT Diario España;3;España;139.802917;2022-11-14T00:00:00+01:00
600;Precio mercado SPOT Diario España;3;España;109.656667;2022-11-15T00:00:00+01:00
600;Precio mercado SPOT Diario España;3;España;103.977083;2022-11-16T00:00:00+01:00
600;Precio mercado SPOT Diario España;3;España;78.933333;2022-11-17T00:00:00+01:00
600;Precio mercado SPOT Diario España;3;España;115.67375;2022-11-18T00:00:00+01:00
600;Precio mercado SPOT Diario España;3;España;67.381667;2022-11-19T00:00:00+01:00
600;Precio mercado SPOT Diario España;3;España;96.578333;2022-11-20T00:00:00+01:00
600;Precio mercado SPOT Diario España;3;España;80.64375;2022-11-21T00:00:00+01:00
600;Precio mercado SPOT Diario España;3;España;73.356667;2022-11-22T00:00:00+01:00
600;Precio mercado SPOT Diario España;3;España;90.534167;2022-11-23T00:00:00+01:00
600;Precio mercado SPOT Diario España;3;España;137.735;2022-11-24T00:00:00+01:00
600;Precio mercado SPOT Diario España;3;España;141.392917;2022-11-25T00:00:00+01:00
600;Precio mercado SPOT Diario España;3;España;130.21125;2022-11-26T00:00:00+01:00
600;Precio mercado SPOT Diario España;3;España;117.042917;2022-11-27T00:00:00+01:00
600;Precio mercado SPOT Diario España;3;España;103.364167;2022-11-28T00:00:00+01:00
600;Precio mercado SPOT Diario España;3;España;121.54125;2022-11-29T00:00:00+01:00
600;Precio mercado SPOT Diario España;3;España;151.245833;2022-11-30T00:00:00+01:00
600;Precio mercado SPOT Diario España;3;España;150.075;2022-12-01T00:00:00+01:00
600;Precio mercado SPOT Diario España;3;España;127.620417;2022-12-02T00:00:00+01:00
600;Precio mercado SPOT Diario España;3;España;120.021667;2022-12-03T00:00:00+01:00
600;Precio mercado SPOT Diario España;3;España;189.806667;2022-12-04T00:00:00+01:00
600;Precio mercado SPOT Diario España;3;España;209.295417;2022-12-05T00:00:00+01:00
600;Precio mercado SPOT Diario España;3;España;153.444583;2022-12-06T00:00:00+01:00
600;Precio mercado SPOT Diario España;3;España;142.304167;2022-12-07T00:00:00+01:00
600;Precio mercado SPOT Diario España;3;España;122.38625;2022-12-08T00:00:00+01:00
600;Precio mercado SPOT Diario España;3;España;144.388333;2022-12-09T00:00:00+01:00
600;Precio mercado SPOT Diario España;3;España;125.01875;2022-12-10T00:00:00+01:00
600;Precio mercado SPOT Diario España;3;España;146.449583;2022-12-11T00:00:00+01:00
600;Precio mercado SPOT Diario España;3;España;114.50875;2022-12-12T00:00:00+01:00
600;Precio mercado SPOT Diario España;3;España;97.685833;2022-12-13T00:00:00+01:00
600;Precio mercado SPOT Diario España;3;España;81.383333;2022-12-14T00:00:00+01:00
600;Precio mercado SPOT Diario España;3;España;131.312917;2022-12-15T00:00:00+01:00
600;Precio mercado SPOT Diario España;3;España;128.615833;2022-12-16T00:00:00+01:00
600;Precio mercado SPOT Diario España;3;España;133.8225;2022-12-17T00:00:00+01:00
600;Precio mercado SPOT Diario España;3;España;97.734167;2022-12-18T00:00:00+01:00
600;Precio mercado SPOT Diario España;3;España;81.068333;2022-12-19T00:00:00+01:00
600;Precio mercado SPOT Diario España;3;España;65.406667;2022-12-20T00:00:00+01:00
600;Precio mercado SPOT Diario España;3;España;64.088333;2022-12-21T00:00:00+01:00
600;Precio mercado SPOT Diario España;3;España;52.030417;2022-12-22T00:00:00+01:00
600;Precio mercado SPOT Diario España;3;España;22.340833;2022-12-23T00:00:00+01:00
600;Precio mercado SPOT Diario España;3;España;36.40625;2022-12-24T00:00:00+01:00
600;Precio mercado SPOT Diario España;3;España;15.242917;2022-12-25T00:00:00+01:00
600;Precio mercado SPOT Diario España;3;España;77.323333;2022-12-26T00:00:00+01:00
600;Precio mercado SPOT Diario España;3;España;109.4925;2022-12-27T00:00:00+01:00
600;Precio mercado SPOT Diario España;3;España;41.410833;2022-12-28T00:00:00+01:00
600;Precio mercado SPOT Diario España;3;España;16.1875;2022-12-29T00:00:00+01:00
600;Precio mercado SPOT Diario España;3;España;6.0225;2022-12-30T00:00:00+01:00
600;Precio mercado SPOT Diario España;3;España;2.65375;2022-12-31T00:00:00+01:00
600;Precio mercado SPOT Diario España;3;España;6.697083;2023-01-01T00:00:00+01:00
600;Precio mercado SPOT Diario España;3;España;112.55;2023-01-02T00:00:00+01:00
600;Precio mercado SPOT Diario España;3;España;138.786667;2023-01-03T00:00:00+01:00
600;Precio mercado SPOT Diario España;3;España;115.257083;2023-01-04T00:00:00+01:00
600;Precio mercado SPOT Diario España;3;España;109.185;2023-01-05T00:00:00+01:00
600;Precio mercado SPOT Diario España;3;España;104.14;2023-01-06T00:00:00+01:00
600;Precio mercado SPOT Diario España;3;España;23.77375;2023-01-07T00:00:00+01:00
600;Precio mercado SPOT Diario España;3;España;10.281667;2023-01-08T00:00:00+01:00
600;Precio mercado SPOT Diario España;3;España;85.7825;2023-01-09T00:00:00+01:00
600;Precio mercado SPOT Diario España;3;España;109.39875;2023-01-10T00:00:00+01:00
600;Precio mercado SPOT Diario España;3;España;83.835417;2023-01-11T00:00:00+01:00
600;Precio mercado SPOT Diario España;3;España;92.68875;2023-01-12T00:00:00+01:00
600;Precio mercado SPOT Diario España;3;España;88.482917;2023-01-13T00:00:00+01:00
600;Precio mercado SPOT Diario España;3;España;52.9975;2023-01-14T00:00:00+01:00
600;Precio mercado SPOT Diario España;3;España;22.0525;2023-01-15T00:00:00+01:00
600;Precio mercado SPOT Diario España;3;España;13.221667;2023-01-16T00:00:00+01:00
600;Precio mercado SPOT Diario España;3;España;5.09625;2023-01-17T00:00:00+01:00
600;Precio mercado SPOT Diario España;3;España;21.609583;2023-01-18T00:00:00+01:00
600;Precio mercado SPOT Diario España;3;España;34.513333;2023-01-19T00:00:00+01:00
600;Precio mercado SPOT Diario España;3;España;91.2025;2023-01-20T00:00:00+01:00
600;Precio mercado SPOT Diario España;3;España;58.890833;2023-01-21T00:00:00+01:00
600;Precio mercado SPOT Diario España;3;España;37.699167;2023-01-22T00:00:00+01:00
600;Precio mercado SPOT Diario España;3;España;71.92;2023-01-23T00:00:00+01:00
600;Precio mercado SPOT Diario España;3;España;87.447917;2023-01-24T00:00:00+01:00
600;Precio mercado SPOT Diario España;3;España;93.2525;2023-01-25T00:00:00+01:00
600;Precio mercado SPOT Diario España;3;España;67.397917;2023-01-26T00:00:00+01:00
600;Precio mercado SPOT Diario España;3;España;45.672083;2023-01-27T00:00:00+01:00
600;Precio mercado SPOT Diario España;3;España;41.418333;2023-01-28T00:00:00+01:00
600;Precio mercado SPOT Diario España;3;España;68.407917;2023-01-29T00:00:00+01:00
600;Precio mercado SPOT Diario España;3;España;135.370833;2023-01-30T00:00:00+01:00
600;Precio mercado SPOT Diario España;3;España;127.073333;2023-01-31T00:00:00+01:00
600;Precio mercado SPOT Diario España;3;España;128.5525;2023-02-01T00:00:00+01:00
600;Precio mercado SPOT Diario España;3;España;138.460833;2023-02-02T00:00:00+01:00
600;Precio mercado SPOT Diario España;3;España;138.584583;2023-02-03T00:00:00+01:00
600;Precio mercado SPOT Diario España;3;España;125.599167;2023-02-04T00:00:00+01:00
600;Precio mercado SPOT Diario España;3;España;79.38125;2023-02-05T00:00:00+01:00
600;Precio mercado SPOT Diario España;3;España;134.982917;2023-02-06T00:00:00+01:00
600;Precio mercado SPOT Diario España;3;España;137.36;2023-02-07T00:00:00+01:00
600;Precio mercado SPOT Diario España;3;España;138.0025;2023-02-08T00:00:00+01:00
600;Precio mercado SPOT Diario España;3;España;144.99625;2023-02-09T00:00:00+01:00
600;Precio mercado SPOT Diario España;3;España;142.051667;2023-02-10T00:00:00+01:00
600;Precio mercado SPOT Diario España;3;España;131.76;2023-02-11T00:00:00+01:00
600;Precio mercado SPOT Diario España;3;España;137.76875;2023-02-12T00:00:00+01:00
600;Precio mercado SPOT Diario España;3;España;146.767083;2023-02-13T00:00:00+01:00
600;Precio mercado SPOT Diario España;3;España;142.902917;2023-02-14T00:00:00+01:00
600;Precio mercado SPOT Diario España;3;España;145.070833;2023-02-15T00:00:00+01:00
600;Precio mercado SPOT Diario España;3;España;145.805;2023-02-16T00:00:00+01:00
600;Precio mercado SPOT Diario España;3;España;133.559167;2023-02-17T00:00:00+01:00
600;Precio mercado SPOT Diario España;3;España;128.5625;2023-02-18T00:00:00+01:00
600;Precio mercado SPOT Diario España;3;España;124.086667;2023-02-19T00:00:00+01:00
600;Precio mercado SPOT Diario España;3;España;134.132917;2023-02-20T00:00:00+01:00
600;Precio mercado SPOT Diario España;3;España;151.427083;2023-02-21T00:00:00+01:00
600;Precio mercado SPOT Diario España;3;España;144.449583;2023-02-22T00:00:00+01:00
600;Precio mercado SPOT Diario España;3;España;140.568333;2023-02-23T00:00:00+01:00
600;Precio mercado SPOT Diario España;3;España;148.07875;2023-02-24T00:00:00+01:00
600;Precio mercado SPOT Diario España;3;España;143.0975;2023-02-25T00:00:00+01:00
600;Precio mercado SPOT Diario España;3;España;81.04625;2023-02-26T00:00:00+01:00
600;Precio mercado SPOT Diario España;3;España;117.507917;2023-02-27T00:00:00+01:00
600;Precio mercado SPOT Diario España;3;España;132.68125;2023-02-28T00:00:00+01:00
600;Precio mercado SPOT Diario España;3;España;145.91125;2023-03-01T00:00:00+01:00
600;Precio mercado SPOT Diario España;3;España;142.09125;2023-03-02T00:00:00+01:00
600;Precio mercado SPOT Diario España;3;España;142.555417;2023-03-03T00:00:00+01:00
600;Precio mercado SPOT Diario España;3;España;138.569167;2023-03-04T00:00:00+01:00
600;Precio mercado SPOT Diario España;3;España;143.924167;2023-03-05T00:00:00+01:00
600;Precio mercado SPOT Diario España;3;España;147.770833;2023-03-06T00:00:00+01:00
600;Precio mercado SPOT Diario España;3;España;120.986667;2023-03-07T00:00:00+01:00
600;Precio mercado SPOT Diario España;3;España;98.929583;2023-03-08T00:00:00+01:00
600;Precio mercado SPOT Diario España;3;España;73.592917;2023-03-09T00:00:00+01:00
600;Precio mercado SPOT Diario España;3;España;42.710417;2023-03-10T00:00:00+01:00
600;Precio mercado SPOT Diario España;3;España;30.032083;2023-03-11T00:00:00+01:00
600;Precio mercado SPOT Diario España;3;España;80.618333;2023-03-12T00:00:00+01:00
600;Precio mercado SPOT Diario España;3;España;36.84125;2023-03-13T00:00:00+01:00
600;Precio mercado SPOT Diario España;3;España;61.509167;2023-03-14T00:00:00+01:00
600;Precio mercado SPOT Diario España;3;España;132.675;2023-03-15T00:00:00+01:00
600;Precio mercado SPOT Diario España;3;España;87.830833;2023-03-16T00:00:00+01:00
600;Precio mercado SPOT Diario España;3;España;70.2675;2023-03-17T00:00:00+01:00
600;Precio mercado SPOT Diario España;3;España;101.61375;2023-03-18T00:00:00+01:00
600;Precio mercado SPOT Diario España;3;España;95.874167;2023-03-19T00:00:00+01:00
600;Precio mercado SPOT Diario España;3;España;121.564167;2023-03-20T00:00:00+01:00
600;Precio mercado SPOT Diario España;3;España;119.33875;2023-03-21T00:00:00+01:00
600;Precio mercado SPOT Diario España;3;España;101.2175;2023-03-22T00:00:00+01:00
600;Precio mercado SPOT Diario España;3;España;83.838333;2023-03-23T00:00:00+01:00
600;Precio mercado SPOT Diario España;3;España;59.154583;2023-03-24T00:00:00+01:00
600;Precio mercado SPOT Diario España;3;España;39.038333;2023-03-25T00:00:00+01:00
600;Precio mercado SPOT Diario España;3;España;28.477391;2023-03-26T00:00:00+01:00
600;Precio mercado SPOT Diario España;3;España;102.62875;2023-03-27T00:00:00+02:00
600;Precio mercado SPOT Diario España;3;España;111.910833;2023-03-28T00:00:00+02:00
600;Precio mercado SPOT Diario España;3;España;68.905417;2023-03-29T00:00:00+02:00
600;Precio mercado SPOT Diario España;3;España;31.109583;2023-03-30T00:00:00+02:00
600;Precio mercado SPOT Diario España;3;España;16.52625;2023-03-31T00:00:00+02:00
600;Precio mercado SPOT Diario España;3;España;33.994167;2023-04-01T00:00:00+02:00
600;Precio mercado SPOT Diario España;3;España;15.74375;2023-04-02T00:00:00+02:00
600;Precio mercado SPOT Diario España;3;España;61.791667;2023-04-03T00:00:00+02:00
600;Precio mercado SPOT Diario España;3;España;56.205417;2023-04-04T00:00:00+02:00
600;Precio mercado SPOT Diario España;3;España;104.085;2023-04-05T00:00:00+02:00
600;Precio mercado SPOT Diario España;3;España;89.653333;2023-04-06T00:00:00+02:00
600;Precio mercado SPOT Diario España;3;España;83.206667;2023-04-07T00:00:00+02:00
600;Precio mercado SPOT Diario España;3;España;86.6175;2023-04-08T00:00:00+02:00
600;Precio mercado SPOT Diario España;3;España;75.569583;2023-04-09T00:00:00+02:00
600;Precio mercado SPOT Diario España;3;España;52.53625;2023-04-10T00:00:00+02:00
600;Precio mercado SPOT Diario España;3;España;91.40375;2023-04-11T00:00:00+02:00
600;Precio mercado SPOT Diario España;3;España;38.897083;2023-04-12T00:00:00+02:00
600;Precio mercado SPOT Diario España;3;España;56.995417;2023-04-13T00:00:00+02:00
600;Precio mercado SPOT Diario España;3;España;46.725;2023-04-14T00:00:00+02:00
600;Precio mercado SPOT Diario España;3;España;21.76875;2023-04-15T00:00:00+02:00
600;Precio mercado SPOT Diario España;3;España;25.410833;2023-04-16T00:00:00+02:00
600;Precio mercado SPOT Diario España;3;España;66.664167;2023-04-17T00:00:00+02:00
600;Precio mercado SPOT Diario España;3;España;96.190417;2023-04-18T00:00:00+02:00
600;Precio mercado SPOT Diario España;3;España;113.477083;2023-04-19T00:00:00+02:00
600;Precio mercado SPOT Diario España;3;España;108.28375;2023-04-20T00:00:00+02:00
600;Precio mercado SPOT Diario España;3;España;100.897917;2023-04-21T00:00:00+02:00
600;Precio mercado SPOT Diario España;3;España;78.777083;2023-04-22T00:00:00+02:00
600;Precio mercado SPOT Diario España;3;España;49.939583;2023-04-23T00:00:00+02:00
600;Precio mercado SPOT Diario España;3;España;92.075833;2023-04-24T00:00:00+02:00
600;Precio mercado SPOT Diario España;3;España;90.949167;2023-04-25T00:00:00+02:00
600;Precio mercado SPOT Diario España;3;España;108.734167;2023-04-26T00:00:00+02:00
600;Precio mercado SPOT Diario España;3;España;109.05;2023-04-27T00:00:00+02:00
600;Precio mercado SPOT Diario España;3;España;107.893333;2023-04-28T00:00:00+02:00
600;Precio mercado SPOT Diario España;3;España;83.425833;2023-04-29T00:00:00+02:00
600;Precio mercado SPOT Diario España;3;España;65.03875;2023-04-30T00:00:00+02:00
600;Precio mercado SPOT Diario España;3;España;61.346667;2023-05-01T00:00:00+02:00
600;Precio mercado SPOT Diario España;3;España;108.396667;2023-05-02T00:00:00+02:00
600;Precio mercado SPOT Diario España;3;España;84.3025;2023-05-03T00:00:00+02:00
600;Precio mercado SPOT Diario España;3;España;90.399167;2023-05-04T00:00:00+02:00
600;Precio mercado SPOT Diario España;3;España;100.823333;2023-05-05T00:00:00+02:00
600;Precio mercado SPOT Diario España;3;España;91.42625;2023-05-06T00:00:00+02:00
600;Precio mercado SPOT Diario España;3;España;63.539167;2023-05-07T00:00:00+02:00
600;Precio mercado SPOT Diario España;3;España;97.513333;2023-05-08T00:00:00+02:00
600;Precio mercado SPOT Diario España;3;España;89.482917;2023-05-09T00:00:00+02:00
600;Precio mercado SPOT Diario España;3;España;82.768333;2023-05-10T00:00:00+02:00
600;Precio mercado SPOT Diario España;3;España;81.73125;2023-05-11T00:00:00+02:00
600;Precio mercado SPOT Diario España;3;España;74.137083;2023-05-12T00:00:00+02:00
600;Precio mercado SPOT Diario España;3;España;51.123333;2023-05-13T00:00:00+02:00
600;Precio mercado SPOT Diario España;3;España;39.575;2023-05-14T00:00:00+02:00
600;Precio mercado SPOT Diario España;3;España;55.602917;2023-05-15T00:00:00+02:00
600;Precio mercado SPOT Diario España;3;España;42.477083;2023-05-16T00:00:00+02:00
600;Precio mercado SPOT Diario España;3;España;49.579167;2023-05-17T00:00:00+02:00
600;Precio mercado SPOT Diario España;3;España;51.758333;2023-05-18T00:00:00+02:00
600;Precio mercado SPOT Diario España;3;España;60.2725;2023-05-19T00:00:00+02:00
600;Precio mercado SPOT Diario España;3;España;45.269583;2023-05-20T00:00:00+02:00
600;Precio mercado SPOT Diario España;3;España;31.515;2023-05-21T00:00:00+02:00
600;Precio mercado SPOT Diario España;3;España;88.845417;2023-05-22T00:00:00+02:00
600;Precio mercado SPOT Diario España;3;España;83.776667;2023-05-23T00:00:00+02:00
600;Precio mercado SPOT Diario España;3;España;85.226667;2023-05-24T00:00:00+02:00
600;Precio mercado SPOT Diario España;3;España;75.88375;2023-05-25T00:00:00+02:00
600;Precio mercado SPOT Diario España;3;España;65.545833;2023-05-26T00:00:00+02:00
600;Precio mercado SPOT Diario España;3;España;86.415833;2023-05-27T00:00:00+02:00
600;Precio mercado SPOT Diario España;3;España;84.9425;2023-05-28T00:00:00+02:00
600;Precio mercado SPOT Diario España;3;España;95.802083;2023-05-29T00:00:00+02:00
600;Precio mercado SPOT Diario España;3;España;92.531667;2023-05-30T00:00:00+02:00